k,d_med_m,delta_d,rel_delta,diff_to_500,abs_diff_500,ratio_to_500
1,77.0,,,-423.0,423.0,0.154
2,77.0032466163569,0.003246616356904,4.2163848790961584e-05,-422.9967533836431,422.9967533836431,0.1540064932327138
3,77.02596964660685,0.0227230302499492,0.0002950918467523,-422.9740303533931,422.9740303533931,0.1540519392932137
4,115.05382359581756,38.02785394921069,0.4937017232458286,-384.9461764041824,384.9461764041824,0.2301076471916351
5,153.0294089382822,37.97558534246464,0.3300679990946875,-346.9705910617178,346.9705910617178,0.3060588178765643
6,154.00162335951106,0.9722144212288696,0.0063531214553731,-345.9983766404889,345.9983766404889,0.3080032467190221
7,154.0811474515945,0.0795240920834317,0.0005163847649695,-345.91885254840554,345.91885254840554,0.3081622949031889
8,192.0162754253604,37.9351279737659,0.2462022680982658,-307.9837245746396,307.9837245746396,0.3840325508507208
9,230.0021739027699,37.98589847740951,0.1978264519154012,-269.99782609723013,269.99782609723013,0.4600043478055398
10,230.62696427110544,0.6247903683355673,0.0027164541870795,-269.37303572889454,269.37303572889454,0.4612539285422109
11,232.0086205294967,1.3816562583912455,0.0059908704203689,-267.99137947050326,267.99137947050326,0.4640172410589934
12,269.0018965760994,36.99327604660269,0.1594478513866233,-230.9981034239006,230.9981034239006,0.5380037931521988
13,306.00653587791226,37.00463930181286,0.1375627449947901,-193.99346412208772,193.99346412208772,0.6120130717558245
14,307.5527963556914,1.5462604777791285,0.00505303088819,-192.44720364430864,192.44720364430864,0.6151055927113828
15,309.16176995223714,1.608973596545752,0.0052315362292623,-190.8382300477629,190.8382300477629,0.6183235399044743
16,345.5547573667117,36.39298741447459,0.1177150312604854,-154.44524263328827,154.44524263328827,0.6911095147334234
17,382.0052355662158,36.45047819950406,0.1054839426239525,-117.9947644337842,117.9947644337842,0.7640104711324316
18,384.5241449202552,2.5189093540393515,0.0065939131706029,-115.47585507974486,115.47585507974486,0.7690482898405103
19,387.04650883324086,2.5223639129857247,0.0065597022873786,-112.95349116675914,112.95349116675914,0.7740930176664818
20,422.0011930390508,34.95468420580988,0.0903113279878985,-77.99880696094925,77.99880696094925,0.8440023860781015
21,456.0394719758368,34.038278936786014,0.0806592007279851,-43.96052802416324,43.96052802416324,0.9120789439516735
22,459.5108883342703,3.471416358433544,0.0076120962586709,-40.489111665729695,40.489111665729695,0.9190217766685406
23,463.0097191204521,3.498830786181827,0.0076142500101904,-36.99028087954787,36.99028087954787,0.9260194382409044
24,474.67082290197385,11.661103781521716,0.0251854406073235,-25.32917709802615,25.32917709802615,0.9493416458039478
25,487.1190819501942,12.448259048220336,0.0262250352193883,-12.880918049805814,12.880918049805814,0.9742381639003884
26,488.91819351525055,1.7991115650563645,0.0036933711523957,-11.08180648474945,11.08180648474945,0.9778363870305012
27,490.7647094076753,1.846515892424748,0.0037767379429032,-9.235290592324702,9.235290592324702,0.9815294188153506
28,493.3176104628508,2.5529010551754823,0.0052018839297892,-6.68238953714922,6.68238953714922,0.9866352209257016
29,496.0040322416744,2.6864217788236147,0.0054456231073995,-3.995967758325605,3.995967758325605,0.9920080644833488
30,498.7791375497257,2.775105308051309,0.0055949248950846,-1.2208624502742964,1.2208624502742964,0.9975582750994514
31,501.5665459338372,2.7874083841114725,0.0055884622556683,1.566545933837176,1.566545933837176,1.0031330918676744
32,504.270203028909,2.703657095071833,0.0053904254918717,4.270203028909009,4.270203028909009,1.008540406057818
33,507.02465423290806,2.7544512039990536,0.0054622525532033,7.024654232908063,7.024654232908063,1.0140493084658162
34,509.51781861682906,2.4931643839209983,0.0049172448777524,9.51781861682906,9.51781861682906,1.0190356372336582
35,512.0351550430888,2.51733642625976,0.0049406249090433,12.03515504308882,12.03515504308882,1.0240703100861777
36,514.3117161466631,2.276561103574295,0.0044461031262252,14.311716146663116,14.311716146663116,1.0286234322933263
37,516.6120401229534,2.300323976290315,0.0044726260438413,16.61204012295343,16.61204012295343,1.033224080245907
38,518.8340077098376,2.221967586884148,0.0043010371697015,18.83400770983758,18.83400770983758,1.0376680154196751
39,521.0614167255143,2.227409015676699,0.0042931052756325,21.06141672551428,21.06141672551428,1.0421228334510286
40,523.3860864516193,2.3246697261050717,0.0044614121320168,23.38608645161935,23.38608645161935,1.0467721729032389
41,525.6814624846495,2.295376033030152,0.0043856267723737,25.6814624846495,25.6814624846495,1.051362924969299
42,528.1309954603464,2.4495329756969118,0.0046597286579578,28.13099546034641,28.13099546034641,1.0562619909206927
43,530.5487724988157,2.4177770384692394,0.0045779873918624,30.54877249881565,30.54877249881565,1.0610975449976312
44,533.0894575401442,2.540685041328516,0.0047887869561213,33.08945754014417,33.08945754014417,1.0661789150802885
45,535.6089991775717,2.519541637427551,0.0047263017525305,35.60899917757172,35.60899917757172,1.0712179983551435
46,538.2203973029857,2.6113981254139844,0.0048755680532324,38.2203973029857,38.2203973029857,1.0764407946059713
47,540.8484075968053,2.628010293819557,0.0048827772172672,40.84840759680526,40.84840759680526,1.0816968151936106
48,543.5133303423381,2.664922745532863,0.0049273007151377,43.51333034233812,43.51333034233812,1.0870266606846763
49,546.1547399776001,2.6414096352619936,0.0048598801313636,46.15473997760012,46.15473997760012,1.0923094799552002
50,549.0860526444342,2.93131266683406,0.0053671834230611,49.086052644434176,49.086052644434176,1.0981721052888684
51,552.0081521137165,2.9220994692823297,0.0053217513998203,52.008152113716505,52.008152113716505,1.104016304227433
52,555.1422270361613,3.134074922444825,0.0056775881125016,55.14222703616133,55.14222703616133,1.110284454072323
53,558.2732305959153,3.1310035597539354,0.0056400025205612,58.27323059591527,58.27323059591527,1.1165464611918303
54,561.8896793035137,3.616448707598465,0.0064779188924,61.88967930351373,61.88967930351373,1.1237793586070275
55,565.3715592422385,3.4818799387247736,0.0061967323248234,65.3715592422385,65.3715592422385,1.130743118484477
56,569.3340955592616,3.9625363170231367,0.0070087294846137,69.33409555926164,69.33409555926164,1.1386681911185232
57,573.1605359757422,3.826440416480523,0.0067209050824925,73.16053597574216,73.16053597574216,1.1463210719514842
58,577.37612317095,4.215587195207831,0.0073549850881328,77.37612317095,77.37612317095,1.1547522463419
59,581.4000343997238,4.023911228773841,0.0069693066049813,81.40003439972384,81.40003439972384,1.1628000687994478
60,585.8094821434254,4.4094477437015485,0.0075841889969169,85.80948214342538,85.80948214342538,1.1716189642868509
61,590.0076270693456,4.198144925920246,0.0071663997492147,90.00762706934563,90.00762706934563,1.1800152541386912
62,594.4121203793395,4.404493309993882,0.0074651463945841,94.41212037933953,94.41212037933953,1.188824240758679
63,598.5323717226997,4.120251343360224,0.0069316408634648,98.53237172269974,98.53237172269974,1.1970647434453994
64,602.782890678072,4.250518955372286,0.0071015690314935,102.78289067807202,102.78289067807202,1.205565781356144
65,606.8451202736989,4.062229595626832,0.0067391255764695,106.84512027369884,106.84512027369884,1.2136902405473975
66,610.7402474145639,3.8951271408650423,0.0064186511693597,110.7402474145639,110.7402474145639,1.2214804948291278
67,614.5640731445338,3.82382572996994,0.0062609689571913,114.56407314453384,114.56407314453384,1.2291281462890675
68,618.4072269986224,3.843153854088541,0.0062534632628691,118.40722699862238,118.40722699862238,1.2368144539972448
69,622.1133337262593,3.706106727636893,0.0059929874132036,122.11333372625928,122.11333372625928,1.2442266674525186
70,626.2383781072235,4.125044380964255,0.0066306959798732,126.23837810722353,126.23837810722353,1.252476756214447
71,630.2293233419086,3.990945234685114,0.0063728851092575,130.22932334190864,130.22932334190864,1.2604586466838172
72,634.8361658312898,4.606842489381165,0.0073097875943831,134.8361658312898,134.8361658312898,1.2696723316625795
73,639.2284411695086,4.3922753382188375,0.0069187541205491,139.22844116950864,139.22844116950864,1.2784568823390172
74,644.3008554934369,5.072414323928228,0.0079352137627792,144.30085549343687,144.30085549343687,1.2886017109868737
75,649.060860012372,4.760004518935148,0.0073878600010389,149.06086001237202,149.06086001237202,1.298121720024744
76,654.4200902759645,5.359230263592508,0.0082568994585351,154.42009027596453,154.42009027596453,1.308840180551929
77,659.4338480778807,5.013757801916199,0.0076613751264908,159.43384807788073,159.43384807788073,1.3188676961557615
78,664.7533313943918,5.319483316511082,0.0080667429068379,164.7533313943918,164.7533313943918,1.3295066627887837
79,669.7133715254608,4.960040131069036,0.0074614746505516,169.71337152546084,169.71337152546084,1.3394267430509217
80,674.8133158820079,5.099944356547098,0.0076151150229097,174.81331588200794,174.81331588200794,1.349626631764016
81,679.5483794403457,4.735063558337743,0.0070168496188443,179.54837944034568,179.54837944034568,1.3590967588806913
82,684.208700699431,4.660321259085322,0.0068579683214363,184.208700699431,184.208700699431,1.368417401398862
83,688.7350724335156,4.526371734084592,0.006615484032076,188.7350724335156,188.7350724335156,1.3774701448670312
84,693.1279835108171,4.392911077301505,0.0063782305462969,193.1279835108171,193.1279835108171,1.386255967021634
85,697.4331509184232,4.305167407606064,0.006211215691797,197.4331509184232,197.4331509184232,1.3948663018368463
86,702.1643081252241,4.731157206800958,0.0067836712386996,202.16430812522407,202.16430812522407,1.4043286162504482
87,706.7396974841586,4.575389358934444,0.006516123514097,206.73969748415857,206.73969748415857,1.413479394968317
88,711.8511777870414,5.111480302882796,0.0072324793995279,211.85117778704137,211.85117778704137,1.4237023555740826
89,717.0006973497307,5.149519562689306,0.0072339833428355,217.00069734973067,217.00069734973067,1.4340013946994614
90,722.361826779736,5.361129430005349,0.0074771606915053,222.361826779736,222.361826779736,1.444723653559472
91,727.6214675227773,5.2596407430412455,0.0072811720498694,227.62146752277727,227.62146752277727,1.4552429350455545
92,733.3466531262297,5.7251856034524735,0.0078683571870744,233.3466531262297,233.3466531262297,1.4666933062524594
93,738.9269246684681,5.580271542238393,0.0076093229831347,238.92692466846813,238.92692466846813,1.4778538493369362
94,744.483410077623,5.556485409154902,0.007519668351032,244.48341007762303,244.48341007762303,1.4889668201552462
95,749.7839688870388,5.300558809415747,0.0071197809617585,249.7839688870388,249.7839688870388,1.4995679377740776
96,755.0872548629,5.303285975861172,0.0070730853098036,255.08725486289995,255.08725486289995,1.5101745097258
97,760.0657866263946,4.97853176349463,0.0065933198202353,260.0657866263946,260.0657866263946,1.5201315732527891
98,765.0864220867247,5.020635460330141,0.0066055275065262,265.0864220867247,265.0864220867247,1.5301728441734497
99,770.0025973982166,4.916175311491884,0.0064256470505427,270.0025973982166,270.0025973982166,1.5400051947964333
100,774.8983525069114,4.895755108694743,0.0063581020703529,274.8983525069113,274.8983525069113,1.5497967050138226
101,779.8031802961565,4.904827789245132,0.0063296402339446,279.8031802961565,279.8031802961565,1.559606360592313
102,784.9842652130728,5.181084916916348,0.0066440930837812,284.98426521307283,284.98426521307283,1.5699685304261457
103,790.0512641594847,5.0669989464119,0.0064549051120617,290.0512641594848,290.0512641594848,1.5801025283189694
104,795.7347327611965,5.683468601711752,0.0071937972376491,295.7347327611965,295.7347327611965,1.5914694655223929
105,801.1054861876805,5.370753426484043,0.0067494269200083,301.1054861876805,301.1054861876805,1.602210972375361
106,807.0996577428251,5.9941715551445895,0.0074823748663484,307.0996577428251,307.0996577428251,1.6141993154856502
107,812.7391955602978,5.639537817472728,0.0069874119798842,312.73919556029784,312.73919556029784,1.6254783911205957
108,818.6752284004833,5.936032840185476,0.0073037363924514,318.6752284004833,318.6752284004833,1.6373504568009667
109,824.2002183935649,5.52498999308159,0.0067486956993632,324.2002183935649,324.2002183935649,1.64840043678713
110,829.8845340708126,5.684315677247696,0.006896765555737,329.8845340708126,329.8845340708126,1.6597690681416253
111,835.1335222585667,5.248988187754094,0.0063249620546684,335.1335222585667,335.1335222585667,1.6702670445171337
112,840.549341552193,5.415819293626328,0.0064849741380032,340.549341552193,340.549341552193,1.681098683104386
113,845.7245414436074,5.175199891414422,0.0061569257574548,345.72454144360745,345.72454144360745,1.6914490828872148
114,850.9461023288296,5.221560885222175,0.006174068067493,350.9461023288296,350.9461023288296,1.7018922046576592
115,856.047311776633,5.101209447803399,0.0059947503535683,356.047311776633,356.047311776633,1.712094623553266
116,861.565362225482,5.518050448848953,0.0064459643444202,361.565362225482,361.565362225482,1.723130724450964
117,867.000576701077,5.435214475594989,0.0063085341100011,367.00057670107697,367.00057670107697,1.734001153402154
118,872.7173979817121,5.716821280635145,0.0065937917854536,372.7173979817121,372.7173979817121,1.7454347959634242
119,878.203848773165,5.486450791452853,0.0062866293305726,378.20384877316496,378.20384877316496,1.75640769754633
120,884.3601403466425,6.156291573477574,0.0070100940482984,384.36014034664254,384.36014034664254,1.7687202806932851
121,890.0724689596909,5.712328613048385,0.0064592786947739,390.0724689596909,390.0724689596909,1.780144937919382
122,896.1067873730265,6.034318413335541,0.0067795810159013,396.10678737302646,396.10678737302646,1.792213574746053
123,901.892454786046,5.785667413019496,0.0064564486002616,401.892454786046,401.892454786046,1.803784909572092
124,907.5732471244428,5.680792338396941,0.0062987469384524,407.5732471244429,407.5732471244429,1.8151464942488855
125,913.0366914861636,5.463444361720804,0.0060198384857984,413.0366914861637,413.0366914861637,1.8260733829723277
126,918.5808865141958,5.54419502803205,0.0060722587380444,418.58088651419575,418.58088651419575,1.837161773028392
127,924.0048701170356,5.42398360283994,0.005904742502778,424.0048701170357,424.0048701170357,1.8480097402340716
128,929.4273676374864,5.422497520450747,0.0058684728791136,429.4273676374864,429.4273676374864,1.858854735274973
129,934.812280621088,5.38491298360168,0.0057937964504849,434.8122806210881,434.8122806210881,1.869624561242176
130,940.3030123681784,5.490731747090194,0.0058736196142418,440.3030123681783,440.3030123681783,1.8806060247363567
131,945.7378072172012,5.434794849022865,0.0057798334978585,445.7378072172012,445.7378072172012,1.8914756144344025
132,951.233955754844,5.496148537642739,0.0058114928849201,451.2339557548439,451.2339557548439,1.902467911509688
133,956.5484828277132,5.314527072869282,0.0055869820885987,456.5484828277132,456.5484828277132,1.9130969656554264
134,961.6103198871936,5.061837059480354,0.0052917726078209,461.6103198871936,461.6103198871936,1.9232206397743872
135,966.4057119036496,4.795392016456162,0.0049868350175554,466.4057119036497,466.4057119036497,1.9328114238072995
136,970.5301963112464,4.12448440759681,0.0042678601303714,470.5301963112465,470.5301963112465,1.941060392622493
137,974.5532309730444,4.023034661797851,0.004145192676218,474.5532309730444,474.5532309730444,1.9491064619460887
138,977.6469958787022,3.0937649056578493,0.0031745468665358,477.6469958787022,477.6469958787022,1.9552939917574044
139,980.948520565682,3.301524686979633,0.0033770110284154,480.94852056568186,480.94852056568186,1.961897041131364
140,983.2469096407852,2.298389075103273,0.0023430272098049,483.24690964078513,483.24690964078513,1.9664938192815704
141,985.933060608072,2.686150967286721,0.0027319190540533,485.9330606080719,485.9330606080719,1.971866121216144
142,987.8425094044104,1.9094487963386653,0.0019366921271115,487.8425094044105,487.8425094044105,1.975685018808821
143,990.032322704668,2.1898133002575837,0.0022167635826664,490.0323227046681,490.0323227046681,1.980064645409336
144,991.7591358626048,1.72681315793659,0.0017441987683989,491.7591358626047,491.7591358626047,1.9835182717252091
145,993.6422897602536,1.883153897648981,0.0018988016641874,493.6422897602537,493.6422897602537,1.9872845795205076
146,995.2482093944756,1.605919634221891,0.0016161949332987,495.2482093944756,495.2482093944756,1.9904964187889511
147,996.9924774039172,1.7442680094414982,0.0017525959785476,496.99247740391706,496.99247740391706,1.993984954807834
148,998.4672507400036,1.4747733360864004,0.0014792221300672,498.46725074000346,498.46725074000346,1.9969345014800068
149,1000.0464989189252,1.57924817892183,0.0015816724862546,500.0464989189253,500.0464989189253,2.0000929978378506
150,1001.5366754480704,1.4901765291451738,0.0014901072407693,501.53667544807047,501.53667544807047,2.003073350896141
151,1003.0498492098984,1.513173761827943,0.0015108520725424,503.0498492098984,503.0498492098984,2.006099698419797
152,1004.5060457078728,1.456196497974361,0.0014517688219796,504.5060457078728,504.5060457078728,2.009012091415745
153,1006.0079522548516,1.501906546978944,0.0014951692460153,506.0079522548517,506.0079522548517,2.0120159045097035
154,1007.3964969684478,1.3885447135960476,0.0013802522241337,507.39649696844776,507.39649696844776,2.014792993936896
155,1008.8617348279198,1.4652378594720403,0.001454479804011,508.8617348279198,508.8617348279198,2.01772346965584
156,1010.207848672096,1.3461138441763296,0.0013342897224721,510.2078486720961,510.2078486720961,2.0204156973441925
157,1011.5819294550492,1.3740807829530013,0.001360196106929,511.58192945504913,511.58192945504913,2.0231638589100984
158,1012.9602678546842,1.3783383996350267,0.0013625573564541,512.9602678546842,512.9602678546842,2.025920535709368
159,1014.305673847879,1.345405993194845,0.0013281922656692,514.305673847879,514.305673847879,2.028611347695758
160,1015.6979420849192,1.392268237040298,0.001372631813996,515.6979420849193,515.6979420849193,2.0313958841698385
161,1017.0644030738664,1.366460988946983,0.0013453418898753,517.0644030738663,517.0644030738663,2.0341288061477325
162,1018.448653267946,1.384250194079641,0.0013610251129584,518.4486532679459,518.4486532679459,2.036897306535892
163,1019.8431251913208,1.3944719233749083,0.0013692118094519,519.8431251913208,519.8431251913208,2.039686250382642
164,1021.2268094153816,1.3836842240608576,0.0013567618292286,521.2268094153817,521.2268094153817,2.042453618830764
165,1022.6284760361408,1.4016666207592152,0.0013725321425527,522.6284760361409,522.6284760361409,2.0452569520722816
166,1024.0801246755152,1.451648639374298,0.0014195269087372,524.0801246755152,524.0801246755152,2.0481602493510302
167,1025.5067040248932,1.4265793493780166,0.0013930348954189,525.5067040248932,525.5067040248932,2.0510134080497866
168,1027.0043535881937,1.497649563300456,0.0014603995833693,527.0043535881937,527.0043535881937,2.0540087071763877
169,1028.4711955130294,1.4668419248357625,0.0014282723531899,528.4711955130294,528.4711955130294,2.056942391026059
170,1030.032688512509,1.561492999479242,0.0015182661471625,530.0326885125087,530.0326885125087,2.060065377025017
171,1031.5599837139864,1.5272952014777277,0.0014827638176059,531.5599837139864,531.5599837139864,2.0631199674279728
172,1033.1762520097204,1.6162682957340166,0.0015668194978976,533.1762520097204,533.1762520097204,2.066352504019441
173,1034.7835522465557,1.6073002368350444,0.0015556883287905,534.7835522465555,534.7835522465555,2.0695671044931108
174,1036.4598266678831,1.676274421327662,0.001619927585521,536.4598266678831,536.4598266678831,2.072919653335766
175,1038.0871832365526,1.6273565686694835,0.0015701106080505,538.0871832365526,538.0871832365526,2.076174366473105
176,1039.8602264397382,1.7730432031855798,0.0017079906503205,539.8602264397382,539.8602264397382,2.0797204528794766
177,1041.5800497321366,1.7198232923983596,0.0016538985227723,541.5800497321366,541.5800497321366,2.083160099464273
178,1043.3911148487134,1.811065116576856,0.0017387670943223,543.3911148487134,543.3911148487134,2.0867822296974268
179,1045.1435308128737,1.7524159641602637,0.0016795388989049,545.1435308128737,545.1435308128737,2.090287061625747
180,1047.0281900824014,1.884659269527674,0.0018032540162802,547.0281900824014,547.0281900824014,2.094056380164803
181,1048.894656292995,1.8664662105936716,0.0017826322426397,548.894656292995,548.894656292995,2.09778931258599
182,1050.788605654995,1.8939493620000576,0.0018056621326431,550.7886056549951,550.7886056549951,2.10157721130999
183,1052.722660533153,1.9340548781578943,0.0018405746576899,552.722660533153,552.722660533153,2.105445321066306
184,1054.6785038802343,1.955843347081327,0.0018578904211017,554.6785038802343,554.6785038802343,2.1093570077604684
185,1056.6006814307857,1.922177550551169,0.001822524630472,556.6006814307855,556.6006814307855,2.113201362861571
186,1058.6335826805116,2.0329012497261374,0.0019240014562297,558.6335826805116,558.6335826805116,2.117267165361023
187,1060.6281157879985,1.994533107486859,0.0018840637026048,560.6281157879985,560.6281157879985,2.121256231575997
188,1062.7090030885831,2.0808873005846635,0.0019619386565466,562.7090030885831,562.7090030885831,2.125418006177166
189,1064.7652323399743,2.0562292513914144,0.0019348939788929,564.7652323399745,564.7652323399745,2.129530464679949
190,1066.8752456232492,2.1100132832746112,0.0019816699674139,566.8752456232492,566.8752456232492,2.133750491246498
191,1068.9667908779954,2.091545254746279,0.0019604403263892,568.9667908779954,568.9667908779954,2.137933581755991
192,1071.0989325936089,2.132141715613443,0.0019945818090964,571.0989325936089,571.0989325936089,2.1421978651872178
193,1073.1751953898302,2.076262796221272,0.0019384416630812,573.1751953898302,573.1751953898302,2.14635039077966
194,1075.4316047118505,2.2564093220203176,0.0021025544866424,575.4316047118505,575.4316047118505,2.150863209423701
195,1077.5908314383526,2.159226726502084,0.0020077768935204,577.5908314383526,577.5908314383526,2.1551816628767053
196,1079.8180146460054,2.2271832076528426,0.0020668171468014,579.8180146460054,579.8180146460054,2.159636029292011
197,1082.0115526185475,2.193537972542117,0.0020313959785725,582.0115526185475,582.0115526185475,2.164023105237095
198,1084.2695727947337,2.2580201761861645,0.0020868725206506,584.2695727947337,584.2695727947337,2.168539145589467
199,1086.4442001317875,2.174627337054062,0.0020056150164288,586.4442001317877,586.4442001317877,2.1728884002635755
200,1088.7739178592774,2.3297177274896512,0.0021443510188623,588.7739178592774,588.7739178592774,2.177547835718555
