id,datetime,delta_days,coverage_fraction,coverage_percent,cloud_cover,folha_codigo
S2A_MSIL2A_20170609T141051_R110_T21MWP_20210209T214220,2017-06-09T14:10:51.026000+00:00,4026,1.0,100.0,0.073414,SB21_ZA_II1_NE
S2A_MSIL2A_20170719T141051_R110_T21MWP_20210210T111257,2017-07-19T14:10:51.026000+00:00,4066,1.0,100.0,0.118958,SB21_ZA_II1_NE
S2B_MSIL2A_20170803T141049_R110_T21MWP_20210210T190411,2017-08-03T14:10:49.027000+00:00,4081,1.0,100.0,0.135351,SB21_ZA_II1_NE
S2A_MSIL2A_20170808T141051_R110_T21MWP_20210210T213141,2017-08-08T14:10:51.026000+00:00,4086,1.0,100.0,0.787997,SB21_ZA_II1_NE
S2A_MSIL2A_20180604T141051_R110_T21MWP_20201026T150718,2018-06-04T14:10:51.024000+00:00,4386,1.0,100.0,0.472265,SB21_ZA_II1_NE
S2A_MSIL2A_20180614T141051_R110_T21MWP_20201027T004304,2018-06-14T14:10:51.024000+00:00,4396,1.0,100.0,0.109621,SB21_ZA_II1_NE
S2B_MSIL2A_20180709T141049_R110_T21MWP_20201011T135558,2018-07-09T14:10:49.024000+00:00,4421,1.0,100.0,0.977605,SB21_ZA_II1_NE
S2B_MSIL2A_20180719T141049_R110_T21MWP_20201011T174327,2018-07-19T14:10:49.024000+00:00,4431,1.0,100.0,0.097857,SB21_ZA_II1_NE
S2A_MSIL2A_20190619T141051_R110_T21MWP_20201006T040619,2019-06-19T14:10:51.024000+00:00,4766,1.0,100.0,0.748428,SB21_ZA_II1_NE
S2B_MSIL2A_20190624T141059_R110_T21MWP_20201006T055710,2019-06-24T14:10:59.024000+00:00,4771,1.0,100.0,0.088915,SB21_ZA_II1_NE
S2A_MSIL2A_20190629T141051_R110_T21MWP_20201006T074913,2019-06-29T14:10:51.024000+00:00,4776,1.0,100.0,0.104266,SB21_ZA_II1_NE
S2A_MSIL2A_20190729T141051_R110_T21MWP_20201109T155103,2019-07-29T14:10:51.024000+00:00,4806,1.0,100.0,0.599633,SB21_ZA_II1_NE
S2A_MSIL2A_20190808T141051_R110_T21MWP_20201004T215253,2019-08-08T14:10:51.024000+00:00,4816,1.0,100.0,0.117518,SB21_ZA_II1_NE
S2A_MSIL2A_20190818T141051_R110_T21MWP_20201005T015042,2019-08-18T14:10:51.024000+00:00,4826,1.0,100.0,0.150846,SB21_ZA_II1_NE
S2A_MSIL2A_20190828T141051_R110_T21MWP_20201005T055529,2019-08-28T14:10:51.024000+00:00,4836,1.0,100.0,0.174674,SB21_ZA_II1_NE
S2B_MSIL2A_20190912T141049_R110_T21MWP_20201004T122625,2019-09-12T14:10:49.024000+00:00,4851,1.0,100.0,0.304156,SB21_ZA_II1_NE
S2B_MSIL2A_20200608T141049_R110_T21MWP_20200826T160302,2020-06-08T14:10:49.024000+00:00,5121,1.0,100.0,0.416273,SB21_ZA_II1_NE
S2B_MSIL2A_20200618T141049_R110_T21MWP_20200823T060421,2020-06-18T14:10:49.024000+00:00,5131,1.0,100.0,0.870541,SB21_ZA_II1_NE
S2A_MSIL2A_20200623T141051_R110_T21MWP_20200823T192433,2020-06-23T14:10:51.024000+00:00,5136,1.0,100.0,0.131765,SB21_ZA_II1_NE
S2B_MSIL2A_20200718T141049_R110_T21MWP_20200816T161312,2020-07-18T14:10:49.024000+00:00,5161,1.0,100.0,0.139993,SB21_ZA_II1_NE
S2B_MSIL2A_20200728T141049_R110_T21MWP_20200817T224322,2020-07-28T14:10:49.024000+00:00,5171,1.0,100.0,0.13565,SB21_ZA_II1_NE
S2A_MSIL2A_20200802T141051_R110_T21MWP_20200815T205625,2020-08-02T14:10:51.024000+00:00,5176,1.0,100.0,0.10846,SB21_ZA_II1_NE
S2B_MSIL2A_20200807T141049_R110_T21MWP_20200815T093437,2020-08-07T14:10:49.024000+00:00,5181,1.0,100.0,0.129937,SB21_ZA_II1_NE
S2A_MSIL2A_20200822T141051_R110_T21MWP_20200825T132352,2020-08-22T14:10:51.024000+00:00,5196,1.0,100.0,0.151256,SB21_ZA_II1_NE
S2B_MSIL2A_20200906T141049_R110_T21MWP_20200908T055619,2020-09-06T14:10:49.024000+00:00,5211,1.0,100.0,0.169943,SB21_ZA_II1_NE
S2A_MSIL2A_20210728T141051_R110_T21MWP_20210729T032146,2021-07-28T14:10:51.024000+00:00,5536,1.0,100.0,0.155637,SB21_ZA_II1_NE
S2B_MSIL2A_20210802T141049_R110_T21MWP_20210802T221425,2021-08-02T14:10:49.024000+00:00,5541,1.0,100.0,0.564736,SB21_ZA_II1_NE
S2A_MSIL2A_20210807T141051_R110_T21MWP_20210808T025641,2021-08-07T14:10:51.024000+00:00,5546,1.0,100.0,0.161383,SB21_ZA_II1_NE
S2B_MSIL2A_20210812T141049_R110_T21MWP_20210812T234726,2021-08-12T14:10:49.024000+00:00,5551,1.0,100.0,0.137621,SB21_ZA_II1_NE
S2B_MSIL2A_20210822T141049_R110_T21MWP_20210823T011532,2021-08-22T14:10:49.024000+00:00,5561,1.0,100.0,0.294664,SB21_ZA_II1_NE
S2B_MSIL2A_20220628T140709_R110_T21MWP_20220629T051755,2022-06-28T14:07:09.024000+00:00,5871,1.0,100.0,0.006855,SB21_ZA_II1_NE
S2B_MSIL2A_20220708T140709_R110_T21MWP_20220708T232907,2022-07-08T14:07:09.024000+00:00,5881,1.0,100.0,0.006357,SB21_ZA_II1_NE
S2B_MSIL2A_20220718T140709_R110_T21MWP_20220719T020407,2022-07-18T14:07:09.024000+00:00,5891,1.0,100.0,0.001556,SB21_ZA_II1_NE
S2A_MSIL2A_20220723T140721_R110_T21MWP_20220725T164134,2022-07-23T14:07:21.024000+00:00,5896,1.0,100.0,0.001881,SB21_ZA_II1_NE
S2A_MSIL2A_20220723T140721_R110_T21MWP_20240708T172126,2022-07-23T14:07:21.024000+00:00,5896,1.0,100.0,0.001961,SB21_ZA_II1_NE
S2B_MSIL2A_20220728T140709_R110_T21MWP_20240716T001518,2022-07-28T14:07:09.024000+00:00,5901,1.0,100.0,0.002697,SB21_ZA_II1_NE
S2B_MSIL2A_20220728T140709_R110_T21MWP_20220729T191834,2022-07-28T14:07:09.024000+00:00,5901,1.0,100.0,0.0029,SB21_ZA_II1_NE
S2B_MSIL2A_20220817T140709_R110_T21MWP_20220818T012248,2022-08-17T14:07:09.024000+00:00,5921,1.0,100.0,0.002044,SB21_ZA_II1_NE
S2B_MSIL2A_20220817T140709_R110_T21MWP_20240719T093021,2022-08-17T14:07:09.024000+00:00,5921,1.0,100.0,0.002588,SB21_ZA_II1_NE
S2A_MSIL2A_20230628T140711_R110_T21MWP_20240925T024121,2023-06-28T14:07:11.024000+00:00,6236,1.0,100.0,0.000727,SB21_ZA_II1_NE
S2A_MSIL2A_20230628T140711_R110_T21MWP_20230629T044831,2023-06-28T14:07:11.024000+00:00,6236,1.0,100.0,0.000743,SB21_ZA_II1_NE
S2B_MSIL2A_20230703T140709_R110_T21MWP_20241013T181213,2023-07-03T14:07:09.024000+00:00,6241,1.0,100.0,0.308012,SB21_ZA_II1_NE
S2B_MSIL2A_20230723T140709_R110_T21MWP_20241014T122425,2023-07-23T14:07:09.024000+00:00,6261,1.0,100.0,0.0,SB21_ZA_II1_NE
S2B_MSIL2A_20230723T140709_R110_T21MWP_20230723T194804,2023-07-23T14:07:09.024000+00:00,6261,1.0,100.0,0.00142,SB21_ZA_II1_NE
S2A_MSIL2A_20230728T140711_R110_T21MWP_20230728T233314,2023-07-28T14:07:11.024000+00:00,6266,1.0,100.0,0.000677,SB21_ZA_II1_NE
S2A_MSIL2A_20230728T140711_R110_T21MWP_20241020T073225,2023-07-28T14:07:11.024000+00:00,6266,1.0,100.0,0.000703,SB21_ZA_II1_NE
S2A_MSIL2A_20230906T140711_R110_T21MWP_20241104T184647,2023-09-06T14:07:11.024000+00:00,6306,1.0,100.0,0.001954,SB21_ZA_II1_NE
S2A_MSIL2A_20230906T140711_R110_T21MWP_20230906T204146,2023-09-06T14:07:11.024000+00:00,6306,1.0,100.0,0.002087,SB21_ZA_II1_NE
S2B_MSIL2A_20240607T140709_R110_T21MWP_20240607T180925,2024-06-07T14:07:09.024000+00:00,6581,1.0,100.0,0.000265,SB21_ZA_II1_NE
S2B_MSIL2A_20240607T140709_R110_T21MWP_20240607T191838,2024-06-07T14:07:09.024000+00:00,6581,1.0,100.0,0.000269,SB21_ZA_II1_NE
S2A_MSIL2A_20240612T140711_R110_T21MWP_20240612T224301,2024-06-12T14:07:11.024000+00:00,6586,1.0,100.0,0.052064,SB21_ZA_II1_NE
S2B_MSIL2A_20240617T140709_R110_T21MWP_20240617T171140,2024-06-17T14:07:09.024000+00:00,6591,1.0,100.0,0.179017,SB21_ZA_II1_NE
S2A_MSIL2A_20240622T140711_R110_T21MWP_20240622T211506,2024-06-22T14:07:11.024000+00:00,6596,1.0,100.0,0.022833,SB21_ZA_II1_NE
S2B_MSIL2A_20240707T140709_R110_T21MWP_20240707T180957,2024-07-07T14:07:09.024000+00:00,6611,1.0,100.0,0.010196,SB21_ZA_II1_NE
S2B_MSIL2A_20240717T140709_R110_T21MWP_20240717T184245,2024-07-17T14:07:09.024000+00:00,6621,1.0,100.0,0.00061,SB21_ZA_II1_NE
S2A_MSIL2A_20240722T140711_R110_T21MWP_20240722T222537,2024-07-22T14:07:11.024000+00:00,6626,1.0,100.0,0.000743,SB21_ZA_II1_NE
S2B_MSIL2A_20240727T140709_R110_T21MWP_20240727T163116,2024-07-27T14:07:09.024000+00:00,6631,1.0,100.0,0.001191,SB21_ZA_II1_NE
S2A_MSIL2A_20240801T140711_R110_T21MWP_20240801T210154,2024-08-01T14:07:11.024000+00:00,6636,1.0,100.0,0.017157,SB21_ZA_II1_NE
S2B_MSIL2A_20240806T140709_R110_T21MWP_20240806T180620,2024-08-06T14:07:09.024000+00:00,6641,1.0,100.0,0.001364,SB21_ZA_II1_NE
S2A_MSIL2A_20240821T140701_R110_T21MWP_20240821T212552,2024-08-21T14:07:01.024000+00:00,6656,1.0,100.0,0.004934,SB21_ZA_II1_NE
